<?xml version="1.0" encoding="utf-8" ?>
<resources>
  <!-- Ne legyen narancs + alul -->
  <style name="MainTheme" parent="MainTheme.Base">
    <item name="android:colorPressedHighlight">@color/CollectionViewSelected</item>
    <item name="android:colorLongPressedHighlight">@color/CollectionViewHighlighted</item>
    <item name="android:colorFocusedHighlight">@color/CollectionViewSelected</item>
    <item name="android:colorActivatedHighlight">@color/CollectionViewSelected</item>
    <item name="android:activatedBackgroundIndicator">@color/CollectionViewSelected</item>
  </style>

  <!-- Ne legyen narancs-->
  <color name="CollectionViewSelected">#FFBDBDBD</color>
  <color name="CollectionViewHighlighted">@color/material_blue_grey_900</color>
</resources>